1,TestID1,testName1,,12345678901234567890123456789012345678901234567890123456789012345678901234567890123456789012345678901234567890123456789012345678901234567890123456789012345678901234567890123456789012345678901234567890,,35.6584,139.7017,2013/7/20 13:13
2,TestID2,testName2,,test buzz of id = TestID2,,35.5788,139.6546,2013/7/20 13:30
3,TestID3,testName3,,test buzz of id = TestID3,,35.7491,139.8165,2013/7/20 13:40
4,TestID4,testName4,,test buzz of id = TestID4,,35.6923,139.7042,2013/7/20 13:37
5,TestID5,testName5,,test buzz of id = TestID5,,35.6285,139.7653,2013/7/20 13:50
6,TestID6,testName6,,test buzz of id = TestID6,,35.7821,139.7022,2013/7/20 14:12
7,TestID7,testName7,,test buzz of id = TestID7,,35.6402,139.6347,2013/7/20 14:15
8,TestID8,testName8,,test buzz of id = TestID8,,35.6588,139.8181,2013/7/20 14:26
9,TestID9,testName9,,test buzz of id = TestID9,,35.6566,139.6119,2013/7/20 14:15
10,TestID10,testName10,,test buzz of id = TestID10,,35.6726,139.6609,2013/7/20 14:11
11,TestID11,testName11,,test buzz of id = TestID11,,35.4140,139.6919,2013/7/20 14:17
12,TestID12,testName12,,test buzz of id = TestID12,,35.6149,139.7265,2013/7/20 14:41
13,TestID13,testName13,,test buzz of id = TestID13,,35.4024,139.8882,2013/7/20 14:25
14,TestID14,testName14,,test buzz of id = TestID14,,35.5679,139.5158,2013/7/20 14:25
15,TestID15,testName15,,test buzz of id = TestID15,,35.7255,139.6313,2013/7/20 14:16
16,TestID16,testName16,,test buzz of id = TestID16,,35.6278,139.5065,2013/7/20 14:34
17,TestID17,testName17,,test buzz of id = TestID17,,35.5668,139.6778,2013/7/20 14:46
18,TestID18,testName18,,test buzz of id = TestID18,,35.5741,139.7097,2013/7/20 14:31
19,TestID19,testName19,,test buzz of id = TestID19,,35.7748,139.5972,2013/7/20 14:28
20,TestID20,testName20,,test buzz of id = TestID20,,35.7378,139.5975,2013/7/20 14:36
21,TestID21,testName21,,test buzz of id = TestID21,,35.5402,139.7308,2013/7/20 14:25
22,TestID22,testName22,,test buzz of id = TestID22,,35.7098,139.8740,2013/7/20 14:31
23,TestID23,testName23,,test buzz of id = TestID23,,35.7347,139.7091,2013/7/20 14:28
24,TestID24,testName24,,test buzz of id = TestID24,,35.5086,139.9389,2013/7/20 14:04
25,TestID25,testName25,,test buzz of id = TestID25,,35.5070,139.7173,2013/7/20 14:12
26,TestID26,testName26,,test buzz of id = TestID26,,35.7029,139.6378,2013/7/20 14:22
27,TestID27,testName27,,test buzz of id = TestID27,,35.6716,139.7611,2013/7/20 14:45
28,TestID28,testName28,,test buzz of id = TestID28,,35.6518,139.8537,2013/7/20 14:26
29,TestID29,testName29,,test buzz of id = TestID29,,35.5450,139.6204,2013/7/20 14:15
30,TestID30,testName30,,test buzz of id = TestID30,,35.7427,139.5402,2013/7/20 14:22
31,TestID31,testName31,,test buzz of id = TestID31,,35.5288,139.7734,2013/7/20 14:24
32,TestID32,testName32,,test buzz of id = TestID32,,35.6859,139.7394,2013/7/20 14:29
33,TestID33,testName33,,test buzz of id = TestID33,,35.6002,139.7670,2013/7/20 14:19
34,TestID34,testName34,,test buzz of id = TestID34,,35.8286,139.7501,2013/7/20 14:10
35,TestID35,testName35,,test buzz of id = TestID35,,35.7189,139.7066,2013/7/20 14:54
36,TestID36,testName36,,test buzz of id = TestID36,,35.7932,139.7433,2013/7/20 14:46
37,TestID37,testName37,,test buzz of id = TestID37,,35.6565,139.8678,2013/7/20 14:45
38,TestID38,testName38,,test buzz of id = TestID38,,35.6036,139.7207,2013/7/20 14:28
39,TestID39,testName39,,test buzz of id = TestID39,,35.8549,139.7360,2013/7/20 14:08
40,TestID40,testName40,,test buzz of id = TestID40,,35.6636,139.5285,2013/7/20 13:59
41,TestID41,testName41,,test buzz of id = TestID41,,35.6119,139.8373,2013/7/20 13:32
42,TestID42,testName42,,test buzz of id = TestID42,,35.5889,139.7175,2013/7/20 13:39
43,TestID43,testName43,,test buzz of id = TestID43,,35.5580,139.7685,2013/7/20 13:50
44,TestID44,testName44,,test buzz of id = TestID44,,35.7569,139.6648,2013/7/20 13:57
45,TestID45,testName45,,test buzz of id = TestID45,,35.7622,139.5290,2013/7/20 14:08
46,TestID46,testName46,,test buzz of id = TestID46,,35.5748,139.7302,2013/7/20 13:59
47,TestID47,testName47,,test buzz of id = TestID47,,35.7041,139.6559,2013/7/20 14:14
48,TestID48,testName48,,test buzz of id = TestID48,,35.6303,139.6363,2013/7/20 14:04
49,TestID49,testName49,,test buzz of id = TestID49,,35.5936,139.6753,2013/7/20 13:58
50,TestID50,testName50,,test buzz of id = TestID50,,35.7000,139.7316,2013/7/20 13:44